-- Question 1
-- 1. NAME OF THE EMPLOYEE AND HIS LOCATION OF ALL THE EMPLOYEES .

SELECT ENAME,LOC
FROM EMP, DEPT
WHERE EMP.DEPTNO = DEPT.DEPTNO;

OUTPUT:

ENAME      LOC
---------- -------------
SMITH      DALLAS
ALLEN      CHICAGO
WARD       CHICAGO
JONES      DALLAS
MARTIN     CHICAGO
BLAKE      CHICAGO
CLARK      NEW YORK
SCOTT      DALLAS
KING       NEW YORK
TURNER     CHICAGO
ADAMS      DALLAS
JAMES      CHICAGO
FORD       DALLAS
MILLER     NEW YORK

14 rows selected.


-- Question 2
-- 2. WAQTD DNAME AND SALARY FOR ALL THE EMPLOYEE WORKING IN
ACCOUNTING.

SELECT DNAME, SAL
FROM EMP, DEPT
WHERE EMP.DEPTNO = DEPT.DEPTNO AND DNAME = 'ACCOUNTING';

OUTPUT:

DNAME                 SAL
-------------- ----------
ACCOUNTING           2450
ACCOUNTING           5000
ACCOUNTING           1300



-- Question 3
-- 3. WAQTD DNAME AND ANNUAL SALARY FOR ALL EMPLOYEES WHOS SALARY IS MORE THAN 2340.

SELECT DNAME, SAL*12 AS ANNUAL_SAL
FROM EMP,DEPT
WHERE SAL > 2340 AND EMP.DEPTNO = DEPT.DEPTNO;

OUTPUT:

DNAME          ANNUAL_SAL
-------------- ----------
RESEARCH            35700
SALES               34200
ACCOUNTING          29400
RESEARCH            36000
ACCOUNTING          60000
RESEARCH            36000

6 rows selected.


-- Question 4
-- 4.WAQTD ENAME AND DNAME FOR EMPLOYEES HAVING CAHARACTER 'A' IN THEIR DNAME.


SELECT DNAME,ENAME
FROM EMP,DEPT
WHERE EMP.DEPTNO = DEPT.DEPTNO AND DEPT.DNAME LIKE '%A%';

OUTPUT:

DNAME          ENAME
-------------- ----------
RESEARCH       SMITH
SALES          ALLEN
SALES          WARD
RESEARCH       JONES
SALES          MARTIN
SALES          BLAKE
ACCOUNTING     CLARK
RESEARCH       SCOTT
ACCOUNTING     KING
SALES          TURNER
RESEARCH       ADAMS
SALES          JAMES
RESEARCH       FORD
ACCOUNTING     MILLER

14 rows selected.


-- Question 5
-- 5. WAQTD ENAME AND DNAME FOR ALL THE EMPLOYEES WORKING AS SALESMAN.


SELECT ENAME,DNAME
FROM EMP,DEPT
WHERE EMP.DEPTNO = DEPT.DEPTNO AND EMP.JOB = 'SALESMAN';

OUTPUT:

ENAME      DNAME
---------- --------------
ALLEN      SALES
WARD       SALES
MARTIN     SALES
TURNER     SALES



-- Question 6
-- 6. WADTD DNAME AND JOB FOR ALL THE EMPLOYEES WHOS JOB AND DNAME STARTS WITH CHARACTER 'S'


SELECT DNAME, JOB
FROM EMP,DEPT
WHERE EMP.DEPTNO = DEPT.DEPTNO AND (EMP.JOB LIKE 'S%' AND DEPT.DNAME LIKE 'S%' );

OUTPUT:

DNAME          JOB
-------------- ---------
SALES          SALESMAN
SALES          SALESMAN
SALES          SALESMAN
SALES          SALESMAN



-- Question 7
-- 7. WAQTD DNAME AND MGR NO FOR EMPLOYEES REPORTING TO 7839


SELECT DNAME,MGR
FROM EMP,DEPT
WHERE EMP.DEPTNO = DEPT.DEPTNO AND EMP.MGR = 7839;

OUTPUT:

DNAME                 MGR
-------------- ----------
RESEARCH             7839
SALES                7839
ACCOUNTING           7839


-- Question 8
-- 8. WAQTD DNAME AND HIREDATE FOR EMPLOYEES HIRED AFTER 83 INTO
ACCOUNTING OR RESEARCH DEPT


SELECT DNAME,HIREDATE
FROM EMP,DEPT
WHERE EMP.DEPTNO = DEPT.DEPTNO AND EMP.HIREDATE > '01-JAN-84' AND (DEPT.DNAME = 'ACCOUNTING' OR DEPT.DNAME = 'RESEARCH');


OUTPUT:

DNAME          HIREDATE
-------------- ---------
RESEARCH       19-APR-87
RESEARCH       23-MAY-87



-- Question 9
--9. WAQTD ENAME AND DNAME OF THE EMPLOYEES WHO ARE GETTING COMM IN DEPT 10 OR 30


SELECT ENAME,DNAME
FROM EMP,DEPT
WHERE EMP.DEPTNO = DEPT.DEPTNO AND EMP.COMM IS NOT NULL AND EMP.DEPTNO IN (10,30);


OUTPUT:

ENAME      DNAME
---------- --------------
ALLEN      SALES
WARD       SALES
MARTIN     SALES
TURNER     SALES



-- Question 10
-- 10. WAQTD DNAME AND EMPNO FOR ALL THE EMPLOYEES WHO'S EMPNO ARE (7839,7902) AND ARE WORKING IN LOC NEW YORK.


SELECT DNAME,EMPNO
FROM EMP,DEPT
WHERE EMP.DEPTNO = DEPT.DEPTNO AND EMP.EMPNO IN (7839,7902) AND DEPT.LOC = 'NEW YORK';


OUTPUT:

DNAME               EMPNO
-------------- ----------
ACCOUNTING           7839
